market_id,question,category,creation_date,resolution_date,search_query
253591,Will Donald Trump win the 2024 US Presidential Election?,politics,2024-01-04T17:33:51,2024-11-06T15:17:41,Donald Trump Presidential Election
253597,Will Kamala Harris win the 2024 US Presidential Election?,politics,2024-01-04T17:40:17,2024-11-06T18:03:54,Kamala Harris Presidential Election
253642,Will any other Republican Politician win the 2024 US Presidential Election?,politics,2024-01-06T19:52:35,2024-11-06T19:45:36,Republican Politician Presidential Election
601697,Fed decreases interest rates by 50+ bps after January 2026 meeting?,politics,2025-09-17T16:22:35,2026-01-28T22:53:04,Fed decreases interest rates
601700,Fed increases interest rates by 25+ bps after January 2026 meeting?,politics,2025-09-17T16:22:39,2026-01-28T23:04:04,Fed increases interest rates
601699,No change in Fed interest rates after January 2026 meeting?,politics,2025-09-17T16:22:38,2026-01-28T22:52:08,change Fed interest rates
253727,Kamala Harris wins the popular vote?,politics,2024-01-09T18:29:49,2024-11-12T10:03:19,Kamala Harris popular vote
253706,Will Donald Trump win the popular vote in the 2024 Presidential Election?,politics,2024-01-09T18:05:18,2024-11-11T22:30:39,Donald Trump popular vote
253731,Will Hillary Clinton win the popular vote in the 2024 Presidential Election?,politics,2024-01-09T18:32:21,2024-11-12T07:59:27,Hillary Clinton popular vote
572473,Will Trump nominate Judy Shelton as the next Fed chair?,politics,2025-08-05T17:13:21,2026-03-04T19:25:55,Trump nominate Judy Shelton
572469,Will Trump nominate Kevin Warsh as the next Fed chair?,politics,2025-08-05T17:13:19,2026-03-04T19:25:43,Trump nominate Kevin Warsh
572481,Will Trump nominate Scott Bessent as the next Fed chair?,politics,2025-08-05T17:13:25,2026-03-04T20:13:15,Trump nominate Scott Bessent
1198423,"US strikes Iran by February 28, 2026?",politics,2026-01-16T14:49:30,2026-02-28T09:31:17,strikes Iran February
1092199,"US strikes Iran by January 31, 2026?",politics,2026-01-03T01:33:05,2026-02-01T07:29:42,strikes Iran January
1386664,"US strikes Iran by February 27, 2026?",politics,2026-02-16T19:59:23,2026-02-28T07:11:23,strikes Iran February
511754,Will Donald Trump be inaugurated?,politics,2024-11-01T20:59:58,2025-01-20T22:51:36,Donald Trump inaugurated
511753,Will Kamala Harris be inaugurated?,politics,2024-11-01T20:58:51,2025-01-21T00:20:56,Kamala Harris inaugurated
511755,Will someone else be inaugurated?,politics,2024-11-01T21:18:14,2025-01-21T00:35:20,someone else inaugurated
2270330,"US x Iran permanent peace deal by June 15, 2026?",politics,2026-05-15T18:55:13,2026-06-18T00:32:19,Iran permanent peace deal
1919425,"US x Iran permanent peace deal by May 31, 2026?",politics,2026-04-08T16:01:12,2026-06-01T12:17:00,Iran permanent peace deal
1962237,"US x Iran permanent peace deal by June 30, 2026?",politics,2026-04-12T20:47:43,2026-06-18T00:33:07,Iran permanent peace deal
538932,Will Zohran Mamdani win the 2025 NYC mayoral election?,politics,2025-04-22T15:32:27,2025-11-05T05:44:47,Zohran Mamdani NYC mayoral
538930,Will Curtis Sliwa win the 2025 NYC mayoral election?,politics,2025-04-22T15:32:26,2025-11-05T06:13:17,Curtis Sliwa NYC mayoral
538931,Will Jim Walden win the 2025 NYC mayoral election?,politics,2025-04-22T15:32:27,2025-11-05T06:14:21,Jim Walden NYC mayoral
570360,Fed decreases interest rates by 50+ bps after December 2025 meeting?,politics,2025-07-31T19:28:08,2025-12-10T22:17:52,Fed decreases interest rates
570363,Fed increases interest rates by 25+ bps after December 2025 meeting?,politics,2025-07-31T19:28:09,2025-12-10T22:18:48,Fed increases interest rates
570361,Fed decreases interest rates by 25 bps after December 2025 meeting?,politics,2025-07-31T19:28:08,2025-12-10T22:16:48,Fed decreases interest rates
253697,Will Joe Biden win the 2024 Democratic Presidential Nomination?,politics,2024-01-08T22:29:46,2024-08-06T12:11:54,Joe Biden Democratic Presidential
253701,Will Kamala Harris win the 2024 Democratic Presidential Nomination?,politics,2024-01-08T22:29:46,2024-08-06T07:29:04,Kamala Harris Democratic Presidential
253703,Will Michelle Obama win the 2024 Democratic Presidential Nomination?,politics,2024-01-08T22:29:46,2024-08-06T07:19:08,Michelle Obama Democratic Presidential
534189,Will Lee Jae-myung be elected the next president of South Korea?,politics,2025-04-04T18:45:41,2025-06-03T21:33:32,Lee Jae-myung elected next
534197,Will Kim Moon-soo be elected the next president of South Korea?,politics,2025-04-04T18:45:45,2025-06-03T21:49:12,Kim Moon-soo elected next
534220,Will Lee Jun-seok be elected the next president of South Korea?,politics,2025-04-04T18:49:58,2025-06-03T21:54:36,Lee Jun-seok elected next
669662,Will there be no change in Fed interest rates after the April 2026 meeting?,politics,2025-11-07T16:55:42,2026-04-29T21:24:28,there change Fed interest
669663,Will the Fed increase interest rates by 25+ bps after the April 2026 meeting?,politics,2025-11-07T16:55:43,2026-04-29T21:24:38,Fed increase interest rates
669660,Will the Fed decrease interest rates by 50+ bps after the April 2026 meeting?,politics,2025-11-07T16:55:40,2026-04-29T21:24:08,Fed decrease interest rates
1706788,US x Iran ceasefire by April 7?,politics,2026-03-24T17:52:05,2026-04-11T00:28:39,Iran ceasefire April
1569627,US x Iran ceasefire by April 15?,politics,2026-03-12T16:42:24,2026-04-08T01:24:31,Iran ceasefire April
1484894,US x Iran ceasefire by May 31?,politics,2026-03-02T17:03:42,2026-04-08T09:26:17,Iran ceasefire May
654415,Will the Fed increase interest rates by 25+ bps after the March 2026 meeting?,politics,2025-10-28T20:58:06,2026-03-18T21:19:03,Fed increase interest rates
654413,Will the Fed decrease interest rates by 25 bps after the March 2026 meeting?,politics,2025-10-28T20:58:05,2026-03-18T21:18:07,Fed decrease interest rates
654412,Will the Fed decrease interest rates by 50+ bps after the March 2026 meeting?,politics,2025-10-28T20:58:04,2026-03-18T21:18:09,Fed decrease interest rates
553813,Fed increases interest rates by 25+ bps after October 2025 meeting?,politics,2025-06-19T16:29:55,2025-10-31T03:33:31,Fed increases interest rates
553810,Fed decreases interest rates by 50+ bps after October 2025 meeting?,politics,2025-06-19T16:29:54,2025-10-29T21:16:17,Fed decreases interest rates
553811,Fed decreases interest rates by 25 bps after October 2025 meeting?,politics,2025-06-19T16:29:55,2025-10-29T21:15:21,Fed decreases interest rates
504873,Will Gavin Newsom be D-nom for VP on Election Day?,politics,2024-08-09T20:14:00,2024-11-05T14:09:03,Gavin Newsom D-nom Election
504868,Will Michelle Obama be D-nom for VP on Election Day?,politics,2024-08-09T19:36:32,2024-11-05T12:41:08,Michelle Obama D-nom Election
504869,Will Kamala Harris be D-nom for VP on Election Day?,politics,2024-08-09T20:11:42,2024-11-05T14:24:05,Kamala Harris D-nom Election
519075,Will Hunor Kelemen win the Romanian presidential election?,politics,2025-01-17T21:29:06,2025-05-19T05:38:37,Hunor Kelemen Romanian presidential
519068,Will Nicușor Dan win the Romanian presidential election?,politics,2025-01-17T21:29:03,2025-05-19T04:09:33,Nicu Dan Romanian presidential
519066,Will George Simion win the Romanian presidential election?,politics,2025-01-17T21:29:03,2025-05-19T02:59:19,George Simion Romanian presidential
542539,No change in Fed interest rates after September 2025 meeting?,politics,2025-05-07T21:42:51,2025-09-17T21:27:42,change Fed interest rates
542540,Fed increases interest rates by 25+ bps after September 2025 meeting?,politics,2025-05-07T21:42:51,2025-09-17T21:26:38,Fed increases interest rates
542537,Fed decreases interest rates by 50+ bps after September 2025 meeting?,politics,2025-05-07T21:42:49,2025-09-17T21:27:38,Fed decreases interest rates
2036399,"US x Iran ceasefire extended by April 22, 2026?",politics,2026-04-20T19:28:43,2026-05-01T00:32:42,Iran ceasefire extended April
1918791,"US x Iran ceasefire extended by April 21, 2026?",politics,2026-04-08T14:52:46,2026-04-22T07:44:34,Iran ceasefire extended April
1918790,"Will the US x Iran ceasefire be extended by April 14, 2026?",politics,2026-04-08T14:52:46,2026-04-15T15:18:38,Iran ceasefire extended April
507242,Will the Democratic candidate win Pennsylvania by 1.5%-2.0%?,politics,2024-09-16T20:31:19,2024-12-05T04:16:19,Democratic candidate Pennsylvania
507237,Will the Democratic candidate win Pennsylvania by 0.5%-1%?,politics,2024-09-16T20:28:21,2024-12-05T04:01:18,Democratic candidate Pennsylvania
507238,Will the Democratic candidate win Pennsylvania by 1.0%-1.5%?,politics,2024-09-16T20:29:24,2024-12-05T04:06:23,Democratic candidate Pennsylvania
512325,Fed increases interest rates by 25+ bps after January 2025 meeting?,politics,2024-11-07T21:23:20,2025-01-29T22:53:00,Fed increases interest rates
512320,Fed decreases interest rates by 75+ bps after January 2025 meeting?,politics,2024-11-07T21:09:40,2025-01-29T22:53:06,Fed decreases interest rates
512321,Fed decreases interest rates by 50 bps after January 2025 meeting?,politics,2024-11-07T21:16:00,2025-01-29T22:57:56,Fed decreases interest rates
504494,Fed increases interest rates by 25+ bps after November 2024 meeting?,politics,2024-08-02T19:36:17,2024-11-07T22:44:32,Fed increases interest rates
507418,Will the FED change rates to another level after Nov meeting?,politics,2024-09-18T18:03:17,2024-11-07T22:54:40,FED change rates another
504490,Fed decreases interest rates by 75+ bps after November 2024 meeting?,politics,2024-08-02T19:28:58,2024-11-07T22:49:58,Fed decreases interest rates
512246,Will Austin Scott be the first elected Speaker of the House for the 119th congress?,politics,2024-11-06T22:47:25,2025-01-03T23:22:49,Austin Scott first elected
512245,Will Jack Bergman be the first elected Speaker of the House for the 119th congress?,politics,2024-11-06T22:46:16,2025-01-03T23:17:21,Jack Bergman first elected
512248,Will Elise Stefanik be the first elected Speaker of the House for the 119th congress?,politics,2024-11-06T22:50:38,2025-01-03T23:22:45,Elise Stefanik first elected
906974,Will there be no change in Fed interest rates after the June 2026 meeting?,politics,2025-12-10T16:57:53,2026-06-17T21:07:28,there change Fed interest
906972,Will the Fed decrease interest rates by 50+ bps after the June 2026 meeting?,politics,2025-12-10T16:57:52,2026-06-17T21:07:23,Fed decrease interest rates
906975,Will the Fed increase interest rates by 25 bps after the June 2026 meeting?,politics,2025-12-10T16:57:54,2026-06-17T21:20:40,Fed increase interest rates
680392,US government shutdown Saturday?,politics,2025-11-13T14:57:42,2026-02-04T00:35:28,government shutdown Saturday
529278,Will Frances Fitzgerald win the Irish Presidential Election?,politics,2025-03-20T19:34:21,2025-10-25T21:53:33,Frances Fitzgerald Irish Presidential
529277,Will Peter Casey win the Irish Presidential Election?,politics,2025-03-20T19:34:20,2025-10-25T21:42:41,Peter Casey Irish Presidential
529303,Will Emily O'Reilly win the Irish Presidential Election?,politics,2025-03-20T19:42:20,2025-10-25T21:38:43,Emily O'Reilly Irish Presidential
528975,Fed increases interest rates by 25+ bps after July 2025 meeting?,politics,2025-03-19T19:32:16,2025-07-30T21:09:13,Fed increases interest rates
528972,Fed decreases interest rates by 50+ bps after July 2025 meeting?,politics,2025-03-19T19:32:15,2025-07-30T21:08:11,Fed decreases interest rates
528974,No change in Fed interest rates after July 2025 meeting?,politics,2025-03-19T19:32:16,2025-07-30T21:10:09,change Fed interest rates
569426,Will André Ventura win the 2026 Portugal presidential election?,politics,2025-07-28T19:21:31,2026-02-09T04:25:29,Andr Ventura Portugal presidential
569437,Will Raul Perestrello win the 2026 Portugal presidential election?,politics,2025-07-28T19:21:48,2026-02-09T04:08:29,Raul Perestrello Portugal presidential
569428,Will Aristides Teixeira win the 2026 Portugal presidential election?,politics,2025-07-28T19:21:39,2026-02-09T04:14:21,Aristides Teixeira Portugal presidential
514165,Will another party win the most seats in the next German election?,politics,2024-11-26T18:30:46,2025-02-24T12:45:52,another party most seats
515761,Will FDP win the most seats in the next German election?,politics,2024-12-16T18:10:05,2025-02-24T12:45:58,FDP most seats next
514164,Will BSW win the most seats in the next German election?,politics,2024-11-26T18:29:47,2025-02-24T12:40:42,BSW most seats next
1180303,Khamenei out as Supreme Leader of Iran by February 28?,politics,2026-01-14T01:32:41,2026-03-04T01:05:25,Khamenei out Supreme Leader
514139,Will Rafał Trzaskowski be the next President of Poland?,politics,2024-11-26T15:55:19,2025-06-02T08:55:20,Rafa Trzaskowski next President
514138,Will Karol Nawrocki be the next President of Poland?,politics,2024-11-26T15:44:20,2025-06-02T08:55:12,Karol Nawrocki next President
514142,Will Marek Jakubiak be the next President of Poland?,politics,2024-11-26T15:57:25,2025-06-02T08:49:46,Marek Jakubiak next President
503191,Will Tim Walz be the 2024 Democratic VP nominee?,politics,2024-07-03T17:41:24,2024-08-06T18:17:24,Tim Walz Democratic nominee
503190,Will Andy Beshear be the 2024 Democratic VP nominee?,politics,2024-07-03T17:39:41,2024-08-06T23:22:10,Andy Beshear Democratic nominee
503175,Will Pete Buttigieg be the 2024 Democratic VP nominee?,politics,2024-07-03T16:55:26,2024-08-06T23:16:30,Pete Buttigieg Democratic nominee
504706,Democrats win popular vote by 7% or more?,politics,2024-08-07T21:16:24,2024-12-18T00:57:44,Democrats popular vote more
504677,GOP wins popular vote by 3-4%?,politics,2024-08-07T20:48:42,2024-12-18T01:02:28,GOP popular vote
504700,Democrats win popular vote by 1-2%?,politics,2024-08-07T21:11:04,2024-12-18T01:07:08,Democrats popular vote
516767,Will Pierre Poilievre be the next Canadian Prime Minister?,politics,2024-12-30T06:30:06,2025-04-30T11:29:47,Pierre Poilievre next Canadian
516769,Will Mark Carney be the next Canadian Prime Minister?,politics,2024-12-30T06:34:08,2025-04-30T19:37:50,Mark Carney next Canadian
516770,Will Jagmeet Singh be the next Canadian Prime Minister?,politics,2024-12-30T06:35:38,2025-04-30T12:33:43,Jagmeet Singh next Canadian
507276,TikTok banned in the US before May 2025?,politics,2024-09-17T14:54:44,2025-01-22T00:31:19,TikTok banned May
253836,Democrats and Republicans both lose the 2024 Presidential Election?,politics,2024-01-11T23:30:49,2024-11-07T08:41:51,Democrats Republicans both lose
253677,2024 presidential election: GOP wins by 65-104,politics,2024-01-08T21:19:54,2024-11-10T07:02:37,presidential election GOP
253675,2024 presidential election: GOP wins by 215+,politics,2024-01-08T21:14:19,2024-11-10T06:57:41,presidential election GOP
947289,Will Roberto Sánchez Palomino win the 2026 Peruvian presidential election?,politics,2025-12-16T10:56:27,2026-07-06T13:42:37,Roberto nchez Palomino Peruvian
947269,Will Keiko Fujimori win the 2026 Peruvian presidential election?,politics,2025-12-16T10:56:12,2026-07-06T13:41:52,Keiko Fujimori Peruvian presidential
947268,Will Rafael López Aliaga win the 2026 Peruvian presidential election?,politics,2025-12-16T10:56:11,2026-07-04T01:42:11,Rafael pez Aliaga Peruvian
521834,Fed decreases interest rates by 50+ bps after June 2025 meeting?,politics,2025-02-04T21:57:44,2025-06-18T21:09:10,Fed decreases interest rates
521836,No change in Fed interest rates after June 2025 meeting?,politics,2025-02-04T21:57:45,2025-06-18T21:18:38,change Fed interest rates
521837,Fed increases interest rates by 25+ bps after June 2025 meeting?,politics,2025-02-04T21:57:45,2025-06-18T21:09:10,Fed increases interest rates
567560,Will the next Prime Minister of Hungary be Viktor Orbán?,politics,2025-07-24T21:26:35,2026-05-09T17:36:51,next Prime Minister Hungary
567561,Will the next Prime Minister of Hungary be Péter Magyar?,politics,2025-07-24T21:26:35,2026-05-09T17:02:22,next Prime Minister Hungary
567564,Will the next Prime Minister of Hungary be István Kapitány?,politics,2025-07-24T21:26:37,2026-05-09T17:37:49,next Prime Minister Hungary
1706766,Iran x Israel/US conflict ends by April 7?,politics,2026-03-24T17:47:52,2026-04-25T00:43:00,Iran Israel conflict ends
1567746,Iran x Israel/US conflict ends by April 15?,politics,2026-03-12T13:36:18,2026-04-25T00:30:06,Iran Israel conflict ends
1484914,Iran x Israel/US conflict ends by May 15?,politics,2026-03-02T17:13:13,2026-04-25T00:30:14,Iran Israel conflict ends
964822,Will Trump release the Epstein files by December 20?,politics,2025-12-18T17:51:29,2025-12-19T23:40:25,Trump release Epstein files
509307,Will New Hampshire be the closest state?,politics,2024-10-08T20:40:04,2024-12-11T09:17:30,New Hampshire closest state
509235,Will Nevada be the closest state?,politics,2024-10-08T06:28:24,2024-11-29T09:10:53,Nevada closest state
509311,Will Florida be the closest state?,politics,2024-10-08T20:42:06,2024-11-29T03:56:16,Florida closest state
253995,Will Vivek Ramaswamy win the 2024 Republican VP nomination?,politics,2024-01-18T19:18:33,2024-07-16T02:47:27,Vivek Ramaswamy Republican nomination
254112,Will JD Vance win the 2024 Republican VP nomination?,politics,2024-01-25T19:39:03,2024-07-16T02:11:25,Vance Republican nomination
254001,Will Tucker Carlson win the 2024 Republican VP nomination?,politics,2024-01-18T19:46:58,2024-07-16T03:08:21,Tucker Carlson Republican nomination
519784,Fed increases interest rates by 25+ bps after May 2025 meeting?,politics,2025-01-23T19:12:27,2025-05-07T22:33:14,Fed increases interest rates
519776,Fed decreases interest rates by 50+ bps after May 2025 meeting?,politics,2025-01-23T19:07:41,2025-05-07T22:33:12,Fed decreases interest rates
519777,Fed decreases interest rates by 25 bps after May 2025 meeting?,politics,2025-01-23T19:07:41,2025-05-07T22:33:14,Fed decreases interest rates
588775,US x Venezuela military engagement by December 31?,politics,2025-09-05T16:18:14,2026-01-05T00:33:37,Venezuela military engagement December
621018,US x Venezuela military engagement by November 30?,politics,2025-10-03T18:30:55,2025-12-01T07:18:48,Venezuela military engagement November
579306,US x Venezuela military engagement by October 31?,politics,2025-08-21T15:58:22,2025-11-01T06:19:58,Venezuela military engagement October
541625,Will Ximena Rincón win the Chilean presidential election?,politics,2025-05-05T21:20:42,2025-11-20T12:06:31,Ximena Rinc Chilean presidential
541627,Will Marco Enríquez-Ominami win the Chilean presidential election?,politics,2025-05-05T21:20:44,2025-11-20T11:59:21,Marco Enr quez-Ominami Chilean
541615,Will Jeannette Jara win the Chilean presidential election?,politics,2025-05-05T21:20:35,2025-12-15T02:46:17,Jeannette Jara Chilean presidential
254250,Will 'Joker 2' gross most in 2024?,finance,2024-01-31T22:05:51,2025-01-03T08:20:05,Joker gross most
254252,Will 'Despicable Me 4' gross most in 2024?,finance,2024-01-31T22:13:18,2025-01-03T08:30:05,Despicable gross most
254251,Will 'Furiosa: A Mad Max Saga' gross most in 2024?,finance,2024-01-31T22:07:55,2025-01-03T08:20:09,Furiosa Mad Max Saga'
1807967,Will WTI Crude Oil (WTI) hit (HIGH) $200 in April?,finance,2026-03-31T15:54:32,2026-05-01T02:13:28,WTI Crude Oil WTI
1712297,Will WTI Crude Oil (WTI) hit (HIGH) $120 in April?,finance,2026-03-25T04:01:19,2026-05-01T00:06:28,WTI Crude Oil WTI
1712301,Will WTI Crude Oil (WTI) hit (LOW) $80 in April?,finance,2026-03-25T04:01:19,2026-04-17T22:06:26,WTI Crude Oil WTI
2132637,Will WTI Crude Oil (WTI) hit (LOW) $85 in May?,finance,2026-05-01T13:46:07,2026-06-02T00:50:47,WTI Crude Oil WTI
2074237,Will WTI Crude Oil (WTI) hit (HIGH) $110 in May?,finance,2026-04-25T04:01:59,2026-05-29T23:31:06,WTI Crude Oil WTI
2074233,Will WTI Crude Oil (WTI) hit (HIGH) $150 in May?,finance,2026-04-25T04:01:59,2026-05-29T23:49:22,WTI Crude Oil WTI
255335,Fed rate cut by September 18?,finance,2024-03-07T18:53:28,2024-09-18T20:17:10,Fed rate cut September
255337,Fed rate cut by December 18?,finance,2024-03-07T18:53:28,2024-09-18T20:21:56,Fed rate cut December
255336,Fed rate cut by November 7?,finance,2024-03-07T18:53:28,2024-09-18T20:22:02,Fed rate cut November
631182,Will Microsoft be the largest company in the world by market cap on June 30?,finance,2025-10-10T20:51:57,2026-06-30T23:07:41,Microsoft largest company world
631185,Will Tesla be the largest company in the world by market cap on June 30?,finance,2025-10-10T20:51:58,2026-06-30T23:18:40,Tesla largest company world
631181,Will NVIDIA be the largest company in the world by market cap on June 30?,finance,2025-10-10T20:51:56,2026-06-30T23:15:56,NVIDIA largest company world
631220,Will Tesla be the largest company in the world by market cap on November 30?,finance,2025-10-10T21:05:51,2025-12-01T01:04:14,Tesla largest company world
631216,Will NVIDIA be the largest company in the world by market cap on November 30?,finance,2025-10-10T21:05:49,2025-11-30T23:11:54,NVIDIA largest company world
631219,Will Alphabet be the largest company in the world by market cap on November 30?,finance,2025-10-10T21:05:50,2025-12-01T01:02:08,Alphabet largest company world
676716,Will Amazon be the largest company in the world by market cap on March 31?,finance,2025-11-11T17:37:50,2026-04-01T01:49:49,Amazon largest company world
676714,Will Tesla be the largest company in the world by market cap on March 31?,finance,2025-11-11T17:37:49,2026-03-31T23:10:13,Tesla largest company world
676710,Will NVIDIA be the largest company in the world by market cap on March 31?,finance,2025-11-11T17:37:47,2026-04-01T01:48:51,NVIDIA largest company world
254432,Ethereum all time high in 2024?,finance,2024-02-12T21:15:20,2025-01-01T07:37:52,Ethereum all time high
1237456,Will Tesla be the largest company in the world by market cap on February 28?,finance,2026-01-21T22:49:26,2026-02-28T05:10:51,Tesla largest company world
1237452,Will NVIDIA be the largest company in the world by market cap on February 28?,finance,2026-01-21T22:49:24,2026-03-04T04:20:01,NVIDIA largest company world
1237455,Will Alphabet be the largest company in the world by market cap on February 28?,finance,2026-01-21T22:49:26,2026-02-28T05:09:19,Alphabet largest company world
1032303,Will Silver (SI) hit (HIGH) $110 by end of January?,finance,2025-12-26T23:27:15,2026-01-27T08:14:15,Silver HIGH end January
1032302,Will Silver (SI) hit (HIGH) $120 by end of January?,finance,2025-12-26T23:27:15,2026-01-31T16:19:04,Silver HIGH end January
1032301,Will Silver (SI) hit (HIGH) $150 by end of January?,finance,2025-12-26T23:27:14,2026-01-31T14:18:04,Silver HIGH end January
1487055,Will Microsoft be the largest company in the world by market cap on April 30?,finance,2026-03-02T23:00:05,2026-04-30T22:24:44,Microsoft largest company world
1487059,Will Tesla be the largest company in the world by market cap on April 30?,finance,2026-03-02T23:00:06,2026-04-30T22:30:52,Tesla largest company world
1487054,Will NVIDIA be the largest company in the world by market cap on April 30?,finance,2026-03-02T23:00:04,2026-04-30T22:26:42,NVIDIA largest company world
631291,Will Saudi Aramco be the second-largest company in the world by market cap on November 30?,finance,2025-10-10T21:22:43,2025-12-01T01:07:26,Saudi Aramco second-largest company
631296,Will Oracle be the second-largest company in the world by market cap on November 30?,finance,2025-10-10T21:22:45,2025-12-01T01:08:26,Oracle second-largest company world
631289,Will Tesla be the second-largest company in the world by market cap on November 30?,finance,2025-10-10T21:22:43,2025-12-01T01:07:26,Tesla second-largest company world
253750,Ethereum ETF approved by May 31?,finance,2024-01-09T21:13:02,2024-05-24T00:14:40,Ethereum ETF approved May
964904,Will Saudi Aramco be the largest company in the world by market cap on January 31?,finance,2025-12-18T18:11:03,2026-01-31T12:55:04,Saudi Aramco largest company
964899,Will NVIDIA be the largest company in the world by market cap on January 31?,finance,2025-12-18T18:10:58,2026-01-31T10:16:06,NVIDIA largest company world
964903,Will Tesla be the largest company in the world by market cap on January 31?,finance,2025-12-18T18:11:02,2026-01-31T12:58:54,Tesla largest company world
253254,Bitcoin ETF approved by Jan 15?,finance,2023-12-01T18:42:34,2024-01-10T23:47:24,Bitcoin ETF approved Jan
631279,Will Saudi Aramco be the second-largest company in the world by market cap on December 31?,finance,2025-10-10T21:22:40,2026-01-01T01:16:55,Saudi Aramco second-largest company
631277,Will Tesla be the second-largest company in the world by market cap on December 31?,finance,2025-10-10T21:22:39,2026-01-01T01:14:45,Tesla second-largest company world
631273,Will Apple be the second-largest company in the world by market cap on December 31?,finance,2025-10-10T21:22:37,2026-01-01T01:14:45,Apple second-largest company world
254759,Ethereum all time high in Q4 2024?,finance,2024-02-26T21:45:04,2025-01-01T09:12:52,Ethereum all time high
254760,No Ethereum all time high in 2024?,finance,2024-02-26T21:45:04,2025-01-01T08:58:24,Ethereum all time high
254758,Ethereum all time high in Q3 2024?,finance,2024-02-26T21:45:04,2024-10-01T07:34:48,Ethereum all time high
516935,"Will Gold close at $3,200 or more at the end of 2025?",finance,2024-12-31T16:13:33,2026-01-01T11:13:41,Gold close more end
516930,"Will Gold close at $2,700-2,800 at the end of 2025?",finance,2024-12-31T16:08:43,2026-01-01T11:18:39,Gold close end
516934,"Will Gold close at $3,100-3,200 at the end of 2025?",finance,2024-12-31T16:12:44,2026-01-01T11:24:41,Gold close end
1999720,Will Tesla be the largest company in the world by market cap on May 31?,finance,2026-04-16T15:06:02,2026-05-30T07:03:46,Tesla largest company world
1999716,Will NVIDIA be the largest company in the world by market cap on May 31?,finance,2026-04-16T15:06:01,2026-05-31T23:41:07,NVIDIA largest company world
1999718,Will Apple be the largest company in the world by market cap on May 31?,finance,2026-04-16T15:06:01,2026-05-30T07:07:11,Apple largest company world
581247,Lisa Cook out as Fed Governor by September 30?,finance,2025-08-26T00:42:40,2025-10-01T06:26:45,Lisa Cook out Fed
581249,Lisa Cook out as Fed Governor by December 31?,finance,2025-08-26T00:55:32,2026-01-01T09:37:45,Lisa Cook out Fed
657493,Lisa Cook out as Fed Governor by November 30?,finance,2025-10-30T22:51:08,2025-12-01T07:29:42,Lisa Cook out Fed
1273328,"Will Gold (GC) hit (HIGH) $5,500 by end of February?",finance,2026-01-26T21:56:25,2026-02-28T08:57:43,Gold HIGH end February
1295950,"Will Gold (GC) hit (HIGH) $10,000 by end of February?",finance,2026-01-29T20:51:23,2026-02-28T09:10:55,Gold HIGH end February
1273327,"Will Gold (GC) hit (HIGH) $6,000 by end of February?",finance,2026-01-26T21:56:25,2026-02-28T09:11:57,Gold HIGH end February
255322,Will Bitcoin hit $250k in 2024?,finance,2024-03-06T20:57:31,2025-01-01T07:37:40,Bitcoin
1293938,Will Silver (SI) hit (HIGH) $190 by end of February?,finance,2026-01-29T16:47:36,2026-02-28T08:33:47,Silver HIGH end February
1272520,Will Silver (SI) hit (HIGH) $120 by end of February?,finance,2026-01-26T19:08:29,2026-02-28T09:06:59,Silver HIGH end February
1272530,Will Silver (SI) hit (LOW) $40 by end of February?,finance,2026-01-26T19:08:34,2026-02-28T09:09:03,Silver LOW end February
2423577,Will WTI Crude Oil (WTI) hit (LOW) $65 in June?,finance,2026-06-03T00:47:36,2026-06-30T23:01:56,WTI Crude Oil WTI
2350573,Will WTI Crude Oil (WTI) hit (HIGH) $100 in June?,finance,2026-05-25T04:01:49,2026-06-30T23:17:40,WTI Crude Oil WTI
2423576,Will WTI Crude Oil (WTI) hit (LOW) $75 in June?,finance,2026-06-03T00:47:07,2026-06-17T09:31:05,WTI Crude Oil WTI
1032272,"Will Gold (GC) hit (HIGH) $5,500 by end of June?",finance,2025-12-26T23:26:52,2026-07-01T07:13:10,Gold HIGH end June
1032268,"Will Gold (GC) hit (HIGH) $7,000 by end of June?",finance,2025-12-26T23:26:50,2026-07-01T07:10:41,Gold HIGH end June
1272717,"Will Gold (GC) hit (HIGH) $8,500 by end of June?",finance,2026-01-26T19:22:50,2026-07-01T07:11:58,Gold HIGH end June
1168265,"Will Netflix say ""Warner Bros"" during earnings call?",finance,2026-01-12T16:55:34,2026-01-25T03:37:54,Netflix say Warner Bros
1168269,"Will Netflix say ""Jake Paul"" during earnings call?",finance,2026-01-12T16:55:35,2026-01-21T03:00:28,Netflix say Jake Paul
1168274,"Will Netflix say ""Subscriber"" during earnings call?",finance,2026-01-12T16:55:36,2026-01-21T05:20:48,Netflix say Subscriber during
253912,Will USDC flip USDT in market cap in 2024?,finance,2024-01-16T20:08:21,2025-01-01T08:02:28,USDC flip USDT market
637403,Will Gold close below $4000 at the end of 2025?,finance,2025-10-16T14:56:57,2026-01-01T10:40:41,Gold close below end
637406,Will Gold close between $4200 and $4300 at the end of 2025?,finance,2025-10-16T14:56:59,2026-01-01T10:57:57,Gold close between end
637407,Will Gold close between $4300 and $4400 at the end of 2025?,finance,2025-10-16T14:56:59,2026-01-01T10:57:59,Gold close between end
535639,Will the 10-year Treasury yield hit 4.6% in 2025?,finance,2025-04-09T06:21:18,2025-12-31T23:13:49,year Treasury yield
535642,Will the 10-year Treasury yield hit 5.2% in 2025?,finance,2025-04-09T06:21:19,2025-12-31T23:13:49,year Treasury yield
535640,Will the 10-year Treasury yield hit 4.8% in 2025?,finance,2025-04-09T06:21:19,2025-12-31T23:12:45,year Treasury yield
564614,Andy Byron out as Astronomer CEO by next Friday?,finance,2025-07-17T16:01:17,2025-07-23T02:37:59,Andy Byron out Astronomer
1032336,Will Silver (SI) hit (HIGH) $120 by end of June?,finance,2025-12-26T23:27:39,2026-07-01T07:10:40,Silver HIGH end June
1032334,Will Silver (SI) hit (HIGH) $200 by end of June?,finance,2025-12-26T23:27:39,2026-07-01T07:10:58,Silver HIGH end June
1032335,Will Silver (SI) hit (HIGH) $150 by end of June?,finance,2025-12-26T23:27:39,2026-07-01T07:10:55,Silver HIGH end June
254469,zkSync airdrop by June 30?,finance,2024-02-14T21:15:12,2024-06-17T09:31:18,zkSync airdrop June
254485,LayerZero airdrop by June 30?,finance,2024-02-14T23:30:18,2024-06-20T21:08:21,LayerZero airdrop June
254564,Taiko airdrop by June 30?,finance,2024-02-21T16:20:17,2024-06-05T22:25:05,Taiko airdrop June
516937,US national Bitcoin reserve in 2025?,finance,2024-12-31T16:52:52,2026-01-01T08:31:59,national Bitcoin reserve
1340808,"Will SOLV Energy, Inc.'s market cap be greater than $5.4B at market close on IPO day?",finance,2026-02-05T17:43:37,2026-02-16T08:53:21,SOLV Energy Inc.'s market
1340803,"Will SOLV Energy, Inc.'s market cap be less than $3.8B at market close on IPO day?",finance,2026-02-05T17:43:33,2026-02-16T08:52:55,SOLV Energy Inc.'s market
1340806,"Will SOLV Energy, Inc.'s market cap be between $4.6B and $5.0B at market close on IPO day?",finance,2026-02-05T17:43:35,2026-02-12T01:39:25,SOLV Energy Inc.'s market
1720968,"Will SpaceX IPO by May 31, 2026?",finance,2026-03-25T21:38:05,2026-06-01T12:12:42,SpaceX IPO May
1250582,"Will SpaceX IPO by June 30, 2026?",finance,2026-01-23T18:08:22,2026-06-12T17:56:34,SpaceX IPO June
1720969,"Will SpaceX IPO by June 15, 2026?",finance,2026-03-25T21:38:41,2026-06-12T17:56:34,SpaceX IPO June
1032232,"Will Gold (GC) hit (HIGH) $5,500 by end of January?",finance,2025-12-26T23:26:26,2026-02-01T00:02:22,Gold HIGH end January
1032231,"Will Gold (GC) hit (HIGH) $6,000 by end of January?",finance,2025-12-26T23:26:25,2026-01-31T14:17:00,Gold HIGH end January
1032233,"Will Gold (GC) hit (HIGH) $5,000 by end of January?",finance,2025-12-26T23:26:26,2026-01-27T08:45:21,Gold HIGH end January
964990,Will Alphabet be the second-largest company in the world by market cap on January 31?,finance,2025-12-18T18:19:30,2026-01-31T14:22:40,Alphabet second-largest company world
964989,Will Apple be the second-largest company in the world by market cap on January 31?,finance,2025-12-18T18:19:29,2026-01-31T14:29:32,Apple second-largest company world
964991,Will Tesla be the second-largest company in the world by market cap on January 31?,finance,2025-12-18T18:19:31,2026-01-31T12:57:54,Tesla second-largest company world
1059380,Will the Logan Paul 1st Edition Charizard sale price be over 500k?,finance,2025-12-29T18:46:59,2026-02-16T07:30:57,Logan Paul Edition Charizard
1059381,Will the Logan Paul 1st Edition Charizard sale price be over 700k?,finance,2025-12-29T18:46:59,2026-02-16T07:28:53,Logan Paul Edition Charizard
1059382,Will the Logan Paul 1st Edition Charizard sale price be over 1m?,finance,2025-12-29T18:47:00,2026-02-16T07:26:31,Logan Paul Edition Charizard
1483744,"Will Gold (GC) hit (LOW) $3,000 by end of March?",finance,2026-03-02T16:06:25,2026-04-01T07:16:27,Gold LOW end March
1483739,"Will Gold (GC) hit (LOW) $4,700 by end of March?",finance,2026-03-02T16:06:21,2026-03-20T07:53:43,Gold LOW end March
1483726,"Will Gold (GC) hit (HIGH) $7,000 by end of March?",finance,2026-03-02T16:06:14,2026-04-01T07:15:33,Gold HIGH end March
519244,Will Oracle buy TikTok?,finance,2025-01-20T20:13:25,2025-07-01T07:29:13,Oracle buy TikTok
519243,Will Microsoft buy TikTok?,finance,2025-01-20T20:11:47,2025-07-01T07:19:13,Microsoft buy TikTok
519626,Will Larry Ellison buy TikTok before July?,finance,2025-01-22T18:26:48,2025-07-01T07:59:05,Larry Ellison buy TikTok
2298911,Will SpaceX's valuation hit (HIGH) $3.0T by June 30?,finance,2026-05-19T03:41:00,2026-06-30T22:03:05,SpaceX's valuation HIGH June
2298915,Will SpaceX's valuation hit (HIGH) $2.5T by June 30?,finance,2026-05-19T03:41:01,2026-06-16T04:21:57,SpaceX's valuation HIGH June
2298908,Will SpaceX's valuation hit (HIGH) $3.5T by June 30?,finance,2026-05-19T03:41:00,2026-06-30T22:03:05,SpaceX's valuation HIGH June
1004799,Will Tesla be the second-largest company in the world by market cap on March 31?,finance,2025-12-23T16:36:46,2026-03-31T23:13:27,Tesla second-largest company world
1004797,Will Apple be the second-largest company in the world by market cap on March 31?,finance,2025-12-23T16:36:45,2026-03-31T23:13:17,Apple second-largest company world
1004798,Will Alphabet be the second-largest company in the world by market cap on March 31?,finance,2025-12-23T16:36:46,2026-03-31T23:12:21,Alphabet second-largest company world
1342853,"Will Robinhood say ""Summit"" during earnings call?",finance,2026-02-05T20:47:23,2026-02-11T01:21:11,Robinhood say Summit during
1342851,"Will Robinhood say ""Silver"" during earnings call?",finance,2026-02-05T20:47:22,2026-02-11T01:35:35,Robinhood say Silver during
1342848,"Will Robinhood say ""Billion"" 10+ times during earnings call?",finance,2026-02-05T20:47:20,2026-02-11T01:29:27,Robinhood say Billion times
501305,Fed decreases interest rates by 25 bps after June 2024 meeting?,finance,2024-05-01T14:43:49,2024-06-12T21:22:25,Fed decreases interest rates
501307,Fed increases interest rates by 25+ bps after June 2024 meeting?,finance,2024-05-01T14:47:54,2024-06-12T21:17:10,Fed increases interest rates
501304,Fed decreases interest rates by 50+ bps after June 2024 meeting?,finance,2024-05-01T14:42:46,2024-06-12T21:17:06,Fed decreases interest rates
1032230,"Will Gold (GC) settle at >$5,100 in January?",finance,2025-12-26T23:26:22,2026-01-31T10:20:06,Gold settle January
1032227,"Will Gold (GC) settle at $4,725-$4,850 in January?",finance,2025-12-26T23:26:21,2026-01-31T10:10:10,Gold settle January
1032226,"Will Gold (GC) settle at $4,600-$4,725 in January?",finance,2025-12-26T23:26:21,2026-01-31T10:12:08,Gold settle January
561607,Will Grok be the next CEO of X?,finance,2025-07-09T16:04:53,2026-01-01T12:19:05,Grok next CEO
561602,Will Nikita Bier be the next CEO of X?,finance,2025-07-09T16:04:50,2026-01-01T12:18:05,Nikita Bier next CEO
561603,Will Elon Musk be the next CEO of X?,finance,2025-07-09T16:04:51,2026-01-01T12:19:59,Elon Musk next CEO
627795,Will DraftKings launch a prediction market in 2025? ,finance,2025-10-08T20:27:44,2025-12-19T15:20:04,DraftKings launch prediction market
254233,FTX doesn't start payouts in 2024?,finance,2024-01-31T16:36:18,2025-01-01T09:38:40,FTX doesn't start payouts
254232,Will FTX payouts start in Q4 2024?,finance,2024-01-31T16:36:18,2025-01-01T08:28:14,FTX payouts start
254231,Will FTX payouts start in Q3 2024?,finance,2024-01-31T16:36:18,2024-10-01T08:59:40,FTX payouts start
254765,Solana all time high in Q4?,finance,2024-02-26T22:01:19,2024-11-22T07:40:49,Solana all time high
254764,No Solana all time high in 2024?,finance,2024-02-26T22:01:19,2024-11-22T07:35:41,Solana all time high
507892,Will the Sacramento Kings win the 2025 NBA Finals?,sports,2024-09-24T15:33:30,2025-04-17T08:51:19,Sacramento Kings NBA Finals
507894,Will the Toronto Raptors win the 2025 NBA Finals?,sports,2024-09-24T15:34:33,2025-04-02T06:13:03,Toronto Raptors NBA Finals
507896,Will the Washington Wizards win the 2025 NBA Finals?,sports,2024-09-24T15:35:19,2025-03-22T04:46:37,Washington Wizards NBA Finals
503301,Will the Panthers win Super Bowl 2025?,sports,2024-07-09T14:59:57,2024-12-16T00:49:34,Panthers Super Bowl
503314,Will the Raiders win Super Bowl 2025?,sports,2024-07-09T15:28:42,2024-11-30T02:39:51,Raiders Super Bowl
503327,Will the Titans win Super Bowl 2025?,sports,2024-07-09T16:00:51,2024-12-08T23:57:34,Titans Super Bowl
507286,Will Aston Villa win the UEFA Champions League?,sports,2024-09-17T17:21:16,2025-04-16T00:18:15,Aston Villa UEFA Champions
507300,Will Inter Milan win the UEFA Champions League?,sports,2024-09-17T17:27:16,2025-06-01T00:05:52,Inter Milan UEFA Champions
507310,Will Red Star Belgrade win the UEFA Champions League?,sports,2024-09-17T17:35:44,2025-01-22T02:15:44,Red Star Belgrade UEFA
506742,Nottingham Forest wins the Premier League?,sports,2024-09-09T19:33:14,2025-04-13T18:53:29,Nottingham Forest Premier League
506743,Southampton wins the Premier League?,sports,2024-09-09T19:33:35,2025-01-25T20:46:29,Southampton Premier League
506740,Manchester United wins the Premier League?,sports,2024-09-09T19:32:26,2025-02-27T03:17:42,Manchester United Premier League
540236,Will the Tennessee Titans win Super Bowl 2026?,sports,2025-04-30T10:43:18,2025-12-01T01:03:10,Tennessee Titans Super Bowl
540225,Will the Miami Dolphins win Super Bowl 2026?,sports,2025-04-30T10:43:15,2025-12-16T07:33:47,Miami Dolphins Super Bowl
540210,Will the Carolina Panthers win Super Bowl 2026?,sports,2025-04-30T10:43:10,2026-01-11T04:18:46,Carolina Panthers Super Bowl
553866,Will the San Antonio Spurs win the 2026 NBA Finals?,sports,2025-06-19T18:23:33,2026-06-14T06:36:06,San Antonio Spurs NBA
553882,Will the Charlotte Hornets win the 2026 NBA Finals?,sports,2025-06-19T18:23:40,2026-04-18T06:17:40,Charlotte Hornets NBA Finals
553858,Will the New York Knicks win the 2026 NBA Finals?,sports,2025-06-19T18:23:28,2026-06-14T06:38:22,New York Knicks NBA
566189,Will Chelsea win the 2025–26 English Premier League?,sports,2025-07-21T21:13:00,2026-03-21T23:28:27,Chelsea English Premier League
566203,Will Leeds win the 2025–26 English Premier League?,sports,2025-07-21T21:13:08,2026-03-01T21:45:09,Leeds English Premier League
566192,Will Tottenham win the 2025–26 English Premier League?,sports,2025-07-21T21:13:02,2026-03-01T21:54:55,Tottenham English Premier League
508802,Will the Charlotte Hornets win the Eastern Conference?,sports,2024-10-03T21:57:59,2025-03-24T04:10:57,Charlotte Hornets Eastern Conference
508805,Will the Detroit Pistons win the Eastern Conference?,sports,2024-10-03T21:59:54,2025-05-02T07:11:40,Detroit Pistons Eastern Conference
508806,Will the Indiana Pacers win the Eastern Conference?,sports,2024-10-03T22:00:13,2025-06-01T07:40:27,Indiana Pacers Eastern Conference
566174,Will Slavia Pragu win the 2025–26 Champions League?,sports,2025-07-21T20:58:59,2026-01-22T01:24:24,Slavia Pragu Champions League
566146,Will Atletico Madrid win the 2025–26 Champions League?,sports,2025-07-21T20:58:44,2026-05-06T00:39:54,Atletico Madrid Champions League
566140,Will Arsenal win the 2025–26 Champions League?,sports,2025-07-21T20:58:40,2026-05-30T22:09:34,Arsenal Champions League
507401,Will Real Betis win La Liga?,sports,2024-09-18T02:39:50,2025-04-13T23:22:17,Real Betis Liga
507413,Will another team win La Liga?,sports,2024-09-18T16:15:52,2025-05-16T02:53:33,another team Liga
507403,Will RC Celta de Vigo win La Liga?,sports,2024-09-18T02:40:37,2025-04-12T22:31:05,Celta Vigo Liga
509105,Will the Philadelphia Flyers win the 2025 Stanley Cup?,sports,2024-10-07T19:22:00,2025-04-06T05:39:32,Philadelphia Flyers Stanley Cup
509107,Will the San Jose Sharks win the 2025 Stanley Cup?,sports,2024-10-07T19:22:38,2025-03-18T06:14:33,San Jose Sharks Stanley
509091,Will the Chicago Blackhawks win the 2025 Stanley Cup?,sports,2024-10-07T19:04:20,2025-03-21T06:57:39,Chicago Blackhawks Stanley Cup
506105,Will Dak Prescott win NFL MVP for the 2024-25 season?,sports,2024-08-29T19:53:13,2025-01-24T03:10:06,Dak Prescott NFL MVP
506116,Will Kyler Murray win NFL MVP for the 2024-25 season?,sports,2024-08-29T20:06:57,2025-01-24T03:10:16,Kyler Murray NFL MVP
506109,Will Matthew Stafford win NFL MVP for the 2024-25 season?,sports,2024-08-29T19:54:39,2025-01-24T03:05:14,Matthew Stafford NFL MVP
525362,Will George Russell be the 2025 Drivers Champion?,sports,2025-02-26T18:26:28,2025-11-10T06:35:19,George Russell Drivers Champion
525361,Will Lewis Hamilton be the 2025 Drivers Champion?,sports,2025-02-26T18:26:27,2025-09-21T19:46:02,Lewis Hamilton Drivers Champion
525360,Will Charles Leclerc be the 2025 Drivers Champion?,sports,2025-02-26T18:26:27,2025-10-20T03:22:13,Charles Leclerc Drivers Champion
568634,Will Xander Schauffele win the 2026 Masters tournament?,sports,2025-07-27T22:37:26,2026-04-13T01:07:17,Xander Schauffele Masters tournament
568647,Will Shane Lowry win the 2026 Masters tournament?,sports,2025-07-27T22:37:32,2026-04-13T02:03:41,Shane Lowry Masters tournament
568630,Will Rory McIlroy win the 2026 Masters tournament?,sports,2025-07-27T22:37:24,2026-04-13T02:15:27,Rory McIlroy Masters tournament
505430,Will Louisville win the 2025 College Football Playoff?,sports,2024-08-20T15:05:57,2024-12-08T21:49:27,Louisville College Football Playoff
505412,Will Florida State win the 2025 College Football Playoff?,sports,2024-08-20T01:28:47,2024-12-08T21:44:13,Florida State College Football
505429,Will NC State win the 2025 College Football Playoff?,sports,2024-08-20T15:05:33,2024-12-08T21:49:15,State College Football Playoff
566229,Will Atletico Madrid win the 2025–26 La Liga?,sports,2025-07-21T21:26:39,2026-04-12T01:00:13,Atletico Madrid Liga
566230,Will Villarreal win the 2025–26 La Liga?,sports,2025-07-21T21:26:39,2026-04-24T01:42:36,Villarreal Liga
566242,Will Mallorca win the 2025–26 La Liga?,sports,2025-07-21T21:26:45,2026-02-28T21:29:27,Mallorca Liga
564163,Will Luka Doncic win the 2025–2026 NBA MVP?,sports,2025-07-16T16:03:21,2026-04-20T03:01:26,Luka Doncic NBA MVP
564180,Will Devin Booker win the 2025–2026 NBA MVP?,sports,2025-07-16T16:03:29,2026-04-20T04:39:52,Devin Booker NBA MVP
564178,Will LeBron James win the 2025–2026 NBA MVP?,sports,2025-07-16T16:03:29,2026-04-20T04:23:18,LeBron James NBA MVP
525410,Will the Los Angeles Dodgers win the 2025 World Series?,sports,2025-02-26T18:37:27,2025-11-02T07:46:27,Los Angeles Dodgers World
525386,Will the Toronto Blue Jays win the 2025 World Series?,sports,2025-02-26T18:37:19,2025-11-02T07:55:39,Toronto Blue Jays World
525414,Will the Colorado Rockies win the 2025 World Series?,sports,2025-02-26T18:37:28,2025-08-24T22:23:47,Colorado Rockies World Series
553828,Will the Colorado Avalanche win the 2026 NHL Stanley Cup?,sports,2025-06-19T18:02:53,2026-05-27T06:55:09,Colorado Avalanche NHL Stanley
553838,Will the Minnesota Wild win the 2026 NHL Stanley Cup?,sports,2025-06-19T18:02:57,2026-05-14T06:33:57,Minnesota Wild NHL Stanley
553831,Will the Los Angeles Kings win the 2026 NHL Stanley Cup?,sports,2025-06-19T18:02:54,2026-04-27T02:37:52,Los Angeles Kings NHL
506021,Will the Jets win the AFC Championship?,sports,2024-08-28T19:47:08,2024-12-09T00:57:10,Jets AFC Championship
506011,Will the Colts win the AFC Championship?,sports,2024-08-28T19:45:21,2024-12-30T00:28:36,Colts AFC Championship
506013,Will the Jaguars win the AFC Championship?,sports,2024-08-28T19:45:46,2024-12-03T08:10:16,Jaguars AFC Championship
518609,Will the San Jose Sharks win the 2025 President’s Trophy?,sports,2025-01-14T23:49:16,2025-02-25T11:18:49,San Jose Sharks President
518601,Will the Calgary Flames win the 2025 President’s Trophy?,sports,2025-01-14T23:41:09,2025-03-26T07:57:37,Calgary Flames President Trophy
518549,Will the Edmonton Oilers win the 2025 President’s Trophy?,sports,2025-01-14T20:23:13,2025-04-04T08:28:13,Edmonton Oilers President Trophy
691854,Will Jake Paul win his boxing match against Anthony Joshua?,sports,2025-11-19T17:14:03,2025-12-20T08:33:46,Jake Paul his boxing
691855,Will Anthony Joshua win his boxing match against Jake Paul?,sports,2025-11-19T17:14:04,2025-12-20T08:33:46,Anthony Joshua his boxing
691856,Will Jake Paul vs. Anthony Joshua have no official winner?,sports,2025-11-19T17:14:05,2025-12-20T08:34:44,Jake Paul vs. Anthony
2718907,Will Belgium win on 2026-07-01?,sports,2026-06-28T10:00:06,2026-07-01T23:07:56,Belgium
2718910,Will Senegal win on 2026-07-01?,sports,2026-06-28T10:00:08,2026-07-01T23:07:56,Senegal
2718908,Will Belgium vs. Senegal end in a draw?,sports,2026-06-28T10:00:07,2026-07-01T23:18:50,Belgium vs. Senegal end
2815607,Norway vs. England: Team to Advance,sports,2026-07-06T10:30:17,2026-07-12T00:03:04,Norway vs. England Team
2815577,Norway vs. England: O/U 2.5,sports,2026-07-06T10:30:12,2026-07-11T23:58:47,Norway vs. England
2815584,Norway vs. England: Both Teams to Score,sports,2026-07-06T10:30:13,2026-07-11T23:58:59,Norway vs. England Both
2805534,France vs. Morocco: O/U 2.5,sports,2026-07-05T11:40:07,2026-07-09T22:12:47,France vs. Morocco
2805541,France vs. Morocco: Team to Advance,sports,2026-07-05T11:40:09,2026-07-09T22:17:29,France vs. Morocco Team
2793969,Argentina vs. Egypt: Team to Advance,sports,2026-07-04T10:30:25,2026-07-07T18:18:44,Argentina vs. Egypt Team
2793939,Argentina vs. Egypt: O/U 2.5,sports,2026-07-04T10:30:20,2026-07-07T18:25:47,Argentina vs. Egypt
2793927,Spread: Argentina (-1.5),sports,2026-07-04T10:30:18,2026-07-07T18:22:49,Spread Argentina
2767034,Mexico vs. England: Team to Advance,sports,2026-07-02T10:30:27,2026-07-06T03:16:58,Mexico vs. England Team
2767003,Mexico vs. England: O/U 1.5,sports,2026-07-02T10:30:21,2026-07-06T03:17:58,Mexico vs. England
2767011,Mexico vs. England: Both Teams to Score,sports,2026-07-02T10:30:23,2026-07-06T03:17:40,Mexico vs. England Both
1269423,Seahawks vs. Patriots,sports,2026-01-26T03:19:04,2026-02-09T06:03:15,Seahawks vs. Patriots
1271400,Spread: Seahawks (-4.5),sports,2026-01-26T15:15:08,2026-02-09T05:59:11,Spread Seahawks
1269476,Spread: Seahawks (-5.5),sports,2026-01-26T03:22:20,2026-02-09T06:04:17,Spread Seahawks
2316216,Will Paris Saint-Germain FC win on 2026-05-30?,sports,2026-05-20T23:24:54,2026-05-30T23:36:05,Paris Saint-Germain
2316218,Will Arsenal FC win on 2026-05-30?,sports,2026-05-20T23:24:55,2026-05-30T19:12:26,Arsenal
2316217,Will Paris Saint-Germain FC vs. Arsenal FC end in a draw?,sports,2026-05-20T23:24:54,2026-05-30T19:12:16,Paris Saint-Germain vs. Arsenal
508825,Will the Portland Trail Blazers win the Western Conference?,sports,2024-10-03T22:19:43,2025-04-07T04:30:57,Portland Trail Blazers Western
508829,Will the Utah Jazz win the Western Conference?,sports,2024-10-04T02:00:19,2025-03-11T06:37:29,Utah Jazz Western Conference
508819,Will the Los Angeles Lakers win the Western Conference?,sports,2024-10-03T22:17:17,2025-05-01T10:38:07,Los Angeles Lakers Western
506037,Will the 49ers win the NFC Championship?,sports,2024-08-28T19:54:00,2024-12-23T01:00:18,ers NFC Championship
506027,Will the Panthers win the NFC Championship?,sports,2024-08-28T19:51:27,2024-12-16T00:49:26,Panthers NFC Championship
506034,Will the Saints win the NFC Championship?,sports,2024-08-28T19:53:18,2024-12-23T01:00:24,Saints NFC Championship
509536,Will Paul George lead the NBA in Scoring?,sports,2024-10-10T19:34:12,2025-04-14T04:18:28,Paul George lead NBA
509354,Will Zach LaVine lead the NBA in scoring?,sports,2024-10-09T17:19:45,2025-04-14T04:34:02,Zach LaVine lead NBA
509332,Will Anthony Edwards lead the NBA in scoring?,sports,2024-10-09T17:07:09,2025-04-14T04:24:12,Anthony Edwards lead NBA
2740921,Will Morocco win on 2026-07-04?,sports,2026-06-30T10:00:02,2026-07-04T19:19:14,Morocco
2740917,Will Canada win on 2026-07-04?,sports,2026-06-30T10:00:02,2026-07-04T19:17:25,Canada
2740919,Will Canada vs. Morocco end in a draw?,sports,2026-06-30T10:00:02,2026-07-04T19:17:25,Canada vs. Morocco end
2754873,Spread: France (-1.5),sports,2026-07-01T10:30:18,2026-07-04T23:16:25,Spread France
2754914,Paraguay vs. France: Team to Advance,sports,2026-07-01T10:30:25,2026-07-04T23:20:40,Paraguay vs. France Team
2754884,Paraguay vs. France: O/U 2.5,sports,2026-07-01T10:30:20,2026-07-04T23:16:13,Paraguay vs. France
2707658,Will Argentina win on 2026-07-03?,sports,2026-06-27T10:00:12,2026-07-04T00:59:22,Argentina
2707660,Will Cabo Verde win on 2026-07-03?,sports,2026-06-27T10:00:12,2026-07-04T00:59:22,Cabo Verde
2707659,Will Argentina vs. Cabo Verde end in a draw?,sports,2026-06-27T10:00:12,2026-07-04T01:02:58,Argentina vs. Cabo Verde
2815444,Will England win on 2026-07-11?,sports,2026-07-06T10:00:06,2026-07-12T00:00:37,England
2815441,Will Norway win on 2026-07-11?,sports,2026-07-06T10:00:06,2026-07-12T00:00:29,Norway
2815442,Will Norway vs. England end in a draw?,sports,2026-07-06T10:00:06,2026-07-12T00:05:41,Norway vs. England end
1897356,Will United States win on 2026-06-25?,sports,2026-04-06T22:21:23,2026-06-26T04:18:55,United States
1897354,Will Türkiye win on 2026-06-25?,sports,2026-04-06T22:21:23,2026-06-26T04:22:38,rkiye
1897355,Will Türkiye vs. United States end in a draw?,sports,2026-04-06T22:21:23,2026-06-26T04:18:55,rkiye vs. United States
509413,Will Giannis Antetokounmpo lead the NBA in Assists?,sports,2024-10-09T18:35:46,2025-04-14T04:40:08,Giannis Antetokounmpo lead NBA
509402,Will Dejounte Murray lead the NBA in Assists?,sports,2024-10-09T18:31:58,2025-04-14T04:45:10,Dejounte Murray lead NBA
509406,Will Damian Lillard lead the NBA in Assists?,sports,2024-10-09T18:33:47,2025-04-14T04:39:58,Damian Lillard lead NBA
2680257,Will Canada win on 2026-06-28?,sports,2026-06-25T10:00:03,2026-06-28T21:26:13,Canada
2680256,Will South Africa vs. Canada end in a draw?,sports,2026-06-25T10:00:03,2026-06-28T21:22:50,South Africa vs. Canada
2680253,Will South Africa win on 2026-06-28?,sports,2026-06-25T10:00:03,2026-06-28T21:20:20,South Africa
2793757,Will Colombia win on 2026-07-07?,sports,2026-07-04T10:00:06,2026-07-07T23:07:43,Colombia
2793753,Will Switzerland win on 2026-07-07?,sports,2026-07-04T10:00:06,2026-07-07T23:07:43,Switzerland
2793754,Will Switzerland vs. Colombia end in a draw?,sports,2026-07-04T10:00:06,2026-07-07T23:11:41,Switzerland vs. Colombia end
2754869,Brazil vs. Norway: Team to Advance,sports,2026-07-01T10:30:16,2026-07-05T22:22:43,Brazil vs. Norway Team
2754839,Brazil vs. Norway: O/U 2.5,sports,2026-07-01T10:30:10,2026-07-05T22:19:28,Brazil vs. Norway
2754846,Brazil vs. Norway: Both Teams to Score,sports,2026-07-01T10:30:11,2026-07-05T22:15:50,Brazil vs. Norway Both
1897147,Will Germany win on 2026-06-20?,sports,2026-04-06T22:20:13,2026-06-20T22:26:04,Germany
1897149,Will Côte d'Ivoire win on 2026-06-20?,sports,2026-04-06T22:20:13,2026-06-20T22:17:17,d'Ivoire
1897148,Will Germany vs. Côte d'Ivoire end in a draw?,sports,2026-04-06T22:20:13,2026-06-20T22:14:50,Germany vs. d'Ivoire end
1087516,Will Joao Fonseca win the 2026 Men's French Open?,sports,2026-01-02T15:49:06,2026-06-03T01:02:52,Joao Fonseca Men's French
1087519,Will Lorenzo Musetti win the 2026 Men's French Open?,sports,2026-01-02T15:49:08,2026-05-24T12:57:15,Lorenzo Musetti Men's French
1087514,Will Alexander Zverev win the 2026 Men's French Open?,sports,2026-01-02T15:49:05,2026-06-07T20:52:34,Alexander Zverev Men's French
2766989,United States vs. Belgium: Team to Advance,sports,2026-07-02T10:30:17,2026-07-07T02:12:05,United States vs. Belgium
2766957,United States vs. Belgium: O/U 2.5,sports,2026-07-02T10:30:11,2026-07-07T02:10:29,United States vs. Belgium
2766959,United States vs. Belgium: O/U 4.5,sports,2026-07-02T10:30:11,2026-07-07T02:10:29,United States vs. Belgium
2721765,Argentina vs. Cabo Verde: Team to Advance,sports,2026-06-28T16:06:29,2026-07-04T01:00:25,Argentina vs. Cabo Verde
2707858,Spread: Argentina (-1.5),sports,2026-06-27T10:30:08,2026-07-04T00:58:40,Spread Argentina
2707870,Argentina vs. Cabo Verde: O/U 2.5,sports,2026-06-27T10:30:10,2026-07-04T01:03:10,Argentina vs. Cabo Verde
2707623,Will Germany win on 2026-06-29?,sports,2026-06-27T10:00:01,2026-06-29T23:41:41,Germany
2707627,Will Paraguay win on 2026-06-29?,sports,2026-06-27T10:00:02,2026-06-29T23:41:41,Paraguay
2707625,Will Germany vs. Paraguay end in a draw?,sports,2026-06-27T10:00:01,2026-06-29T23:46:49,Germany vs. Paraguay end
2793738,Will Argentina win on 2026-07-07?,sports,2026-07-04T10:00:02,2026-07-07T18:28:59,Argentina
2793741,Will Egypt win on 2026-07-07?,sports,2026-07-04T10:00:03,2026-07-07T18:22:49,Egypt
2793739,Will Argentina vs. Egypt end in a draw?,sports,2026-07-04T10:00:02,2026-07-07T18:26:41,Argentina vs. Egypt end
660880,LoL: T1 vs KT Rolster (BO5),sports,2025-11-02T21:00:01,2025-11-09T14:55:17,LoL Rolster
660883,LoL: T1 vs KT Rolster - Game 3 Winner,sports,2025-11-02T21:00:01,2025-11-09T12:27:57,LoL Rolster Game Winner
660882,LoL: T1 vs KT Rolster - Game 2 Winner,sports,2025-11-02T21:00:01,2025-11-09T11:19:01,LoL Rolster Game Winner
506316,Will Lionel Messi win the Ballon d’Or?,sports,2024-09-03T19:02:32,2024-10-28T20:09:19,Lionel Messi Ballon
506322,Will Harry Kane win the Ballon d’Or?,sports,2024-09-03T19:03:53,2024-10-28T23:48:33,Harry Kane Ballon
506323,Will Phil Foden win the Ballon d’Or?,sports,2024-09-03T19:04:16,2024-10-28T22:02:10,Phil Foden Ballon
1897315,Will Germany win on 2026-06-25?,sports,2026-04-06T22:21:10,2026-06-25T22:13:55,Germany
1897311,Will Ecuador win on 2026-06-25?,sports,2026-04-06T22:21:09,2026-06-25T22:16:04,Ecuador
1897312,Will Ecuador vs. Germany end in a draw?,sports,2026-04-06T22:21:10,2026-06-25T22:12:34,Ecuador vs. Germany end
1897329,Will Japan win on 2026-06-25?,sports,2026-04-06T22:21:15,2026-06-26T01:10:41,Japan
1897331,Will Sweden win on 2026-06-25?,sports,2026-04-06T22:21:15,2026-06-26T01:10:41,Sweden
1897330,Will Japan vs. Sweden end in a draw?,sports,2026-04-06T22:21:15,2026-06-26T01:13:08,Japan vs. Sweden end
1897043,Will United States win on 2026-06-12?,sports,2026-04-06T22:18:55,2026-06-13T05:49:27,United States
1897045,Will Paraguay win on 2026-06-12?,sports,2026-04-06T22:18:55,2026-06-13T05:05:27,Paraguay
1897044,Will United States vs. Paraguay end in a draw?,sports,2026-04-06T22:18:55,2026-06-13T05:05:27,United States vs. Paraguay
2829164,Will Spain win on 2026-07-10?,sports,2026-07-07T10:00:04,2026-07-10T21:35:14,Spain
2829167,Will Belgium win on 2026-07-10?,sports,2026-07-07T10:00:05,2026-07-10T21:12:49,Belgium
2829166,Will Spain vs. Belgium end in a draw?,sports,2026-07-07T10:00:05,2026-07-10T21:11:29,Spain vs. Belgium end
2829413,Spain vs. Belgium: Team to Advance,sports,2026-07-07T10:30:15,2026-07-10T21:18:14,Spain vs. Belgium Team
2829383,Spain vs. Belgium: O/U 2.5,sports,2026-07-07T10:30:09,2026-07-10T21:11:29,Spain vs. Belgium
